id;label_en;label_fr;description_fr;description_en;markdown_fr;markdown_fr_content_type;markdown_en;markdown_en_content_type;status;date;badge;badge_content_type;banner;banner_content_type;views;stars;display;newsletter
1;"YPQ";"Q.7";adversaire dans la mesure où quant à;en plus de devant;../fake-data/blob/hipster.png;image/png;../fake-data/blob/hipster.png;image/png;INPROGRESS;2025-12-10T13:53:58;../fake-data/blob/hipster.png;image/png;../fake-data/blob/hipster.png;image/png;24441;11881;false;false
2;"Bm";"J=^e";foule vroum;snif équipe de recherche tard;../fake-data/blob/hipster.png;image/png;../fake-data/blob/hipster.png;image/png;INPROGRESS;2025-12-10T08:41:37;../fake-data/blob/hipster.png;image/png;../fake-data/blob/hipster.png;image/png;24469;14674;false;false
3;"F6}";"Lv";aménager délégation;maintenir ding;../fake-data/blob/hipster.png;image/png;../fake-data/blob/hipster.png;image/png;COMPLETED;2025-12-10T10:30:51;../fake-data/blob/hipster.png;image/png;../fake-data/blob/hipster.png;image/png;2272;23319;false;false
4;"W@}&X";"LxB";près de glouglou;rédaction aux environs de gens;../fake-data/blob/hipster.png;image/png;../fake-data/blob/hipster.png;image/png;INPROGRESS;2025-12-10T05:54:44;../fake-data/blob/hipster.png;image/png;../fake-data/blob/hipster.png;image/png;27680;31371;true;true
5;"UEHn/q";"K";à condition que;pourvu que entamer sus;../fake-data/blob/hipster.png;image/png;../fake-data/blob/hipster.png;image/png;CANCELLED;2025-12-09T22:41:45;../fake-data/blob/hipster.png;image/png;../fake-data/blob/hipster.png;image/png;956;15732;true;true
6;"PE=j";"Gs[~";commencer pin-pon;à moins de;../fake-data/blob/hipster.png;image/png;../fake-data/blob/hipster.png;image/png;INPROGRESS;2025-12-10T06:42:11;../fake-data/blob/hipster.png;image/png;../fake-data/blob/hipster.png;image/png;17257;30572;true;true
7;"K";"G[";différer ferme;diététiste ronron guère;../fake-data/blob/hipster.png;image/png;../fake-data/blob/hipster.png;image/png;COMPLETED;2025-12-10T12:04:20;../fake-data/blob/hipster.png;image/png;../fake-data/blob/hipster.png;image/png;30627;24791;false;false
8;"JO&c";"G<N\AX";au-dedans de;zzzz tandis que;../fake-data/blob/hipster.png;image/png;../fake-data/blob/hipster.png;image/png;PENDING;2025-12-10T06:36:41;../fake-data/blob/hipster.png;image/png;../fake-data/blob/hipster.png;image/png;25875;32208;true;true
9;"B!w0cY";"N";avare équipe de recherche;intervenir loin reconnaître;../fake-data/blob/hipster.png;image/png;../fake-data/blob/hipster.png;image/png;CANCELLED;2025-12-10T06:55:19;../fake-data/blob/hipster.png;image/png;../fake-data/blob/hipster.png;image/png;21612;1552;false;true
10;"Rw";"W[:+5A";diplomate;étant donné que sombre;../fake-data/blob/hipster.png;image/png;../fake-data/blob/hipster.png;image/png;PENDING;2025-12-10T02:03:59;../fake-data/blob/hipster.png;image/png;../fake-data/blob/hipster.png;image/png;9911;25317;true;true
