id;name;email;phone;message;file;file_content_type;date;lang_key;country_key;subject_id
1;charitable à condition que adepte;"T6UB_#@6{5rl0.i";;d'après posséder;../fake-data/blob/hipster.png;image/png;2025-12-23T02:36:15;de;diététiste pas mal durant;1
2;de manière à ce que au-dessus de;"+U@oh7+.;o!U%";;puisque trop;../fake-data/blob/hipster.png;image/png;2025-12-22T19:59:31;dè;déceler;2
3;gratis au-dessus;"uCJ@^G<.EnO7.H";"3.545.060 2070";ralentir;../fake-data/blob/hipster.png;image/png;2025-12-23T14:20:46;de;quoique;3
4;hypocrite coac coac pas mal;"2W@.'I?2p.6)";;multiple;../fake-data/blob/hipster.png;image/png;2025-12-22T16:43:29;en;gérer;4
5;miaou en dedans de recommander;"Hj|F@F.Fkbc";;en dépit de tsoin-tsoin délégation;../fake-data/blob/hipster.png;image/png;2025-12-23T08:52:14;bz;ah avant que;5
6;consoler bientôt;"}';'@AR.?";"3-0289628607";alors que;../fake-data/blob/hipster.png;image/png;2025-12-23T11:15:26;ma;masquer toc-toc;6
7;commissionnaire chef de cuisine;"7j@8].1Mh%1";"+02.1173231641";prévaloir touriste confier;../fake-data/blob/hipster.png;image/png;2025-12-23T01:48:11;dé;réjouir bien;7
8;mal solitaire;"#|hV(@ry1.e}_bWZ";"41 10)281-7650048";large;../fake-data/blob/hipster.png;image/png;2025-12-23T08:36:50;de;tellement;8
9;en dehors de responsable;"<l@8.j";;sans que pff;../fake-data/blob/hipster.png;image/png;2025-12-22T19:34:51;in;partenaire bè déjà;9
10;sage;"nT<H5@M..Ka=v";"+78) 135613.2786";en vérité oui à partir de;../fake-data/blob/hipster.png;image/png;2025-12-23T02:56:12;en;d'entre percer;10
