id;email;lang_key;country_key;date
1;"KW@pM.Eg";gu;touriste;2025-12-22T08:37:49
2;"q3@S.q1vZx";mé;demeurer;2025-12-22T11:23:10
3;"5*P@Nuv?84.Z`tw`W";tr;assez psitt neutre;2025-12-21T14:51:46
4;"xg@u?j.%x";au;sous;2025-12-21T22:18:11
5;"w#@MF].<";pr;au-delà;2025-12-22T05:07:28
6;"LFk!3C@tV6.(q`yj(";po;chanter;2025-12-22T05:02:09
7;"WO|i1D@hO*ECX._o#-1";ou;toc-toc supprimer au moyen de;2025-12-22T05:17:33
8;"AZ(@vlvM65.V";ch;affranchir croâ en face de;2025-12-22T11:56:40
9;"z@:.o5bM";de;collaborer distribuer;2025-12-21T19:51:27
10;"A@](WwG.Ew(";co;snob du côté de à défaut de;2025-12-21T16:18:10
